identifier,sentence,alternative1,alternative2,alternative3,alternative4,alternative5,alternative6,alternative7,alternative8,alternative9,alternative10,alternative11,alternative12,type1,type2
"http://www.ontologydesignpatterns.org/data/oke-challenge/task-1/sentence-24#char=0,111",Neruda derived his pen name from the Czech poet Jan Neruda and became known as a poet when he was 10 years old.,Jan Neruda__48__58,Jan__48__51,Neruda__52__58,,,,,,,,,,Person,
"http://www.ontologydesignpatterns.org/data/oke-challenge/task-1/sentence-25#char=0,402","During his lifetime, Neruda occupied many diplomatic positions and served a term as a Senator for the Chilean Communist Party. When President González Videla outlawed communism in Chile in 1948, a warrant was issued for Neruda's arrest. Friends hide him for months in the basement of a house in the port city of Valparaíso. Later, Neruda escaped through a mountain pass near Maihue Lake into Argentina.",occupied many diplomatic positions__28__62,diplomatic positions__42__62,diplomatic__42__52,positions__53__62,,,,,,,,,Role,
"http://www.ontologydesignpatterns.org/data/oke-challenge/task-1/sentence-25#char=0,402","During his lifetime, Neruda occupied many diplomatic positions and served a term as a Senator for the Chilean Communist Party. When President González Videla outlawed communism in Chile in 1948, a warrant was issued for Neruda's arrest. Friends hide him for months in the basement of a house in the port city of Valparaíso. Later, Neruda escaped through a mountain pass near Maihue Lake into Argentina.",Chilean Communist Party__102__125,Chilean__102__109,Communist__110__119,,,,,,,,,,Organization,
"http://www.ontologydesignpatterns.org/data/oke-challenge/task-1/sentence-25#char=0,402","During his lifetime, Neruda occupied many diplomatic positions and served a term as a Senator for the Chilean Communist Party. When President González Videla outlawed communism in Chile in 1948, a warrant was issued for Neruda's arrest. Friends hide him for months in the basement of a house in the port city of Valparaíso. Later, Neruda escaped through a mountain pass near Maihue Lake into Argentina.",González Videla__142__157,Videla__151__157,,,,,,,,,,,Person,
"http://www.ontologydesignpatterns.org/data/oke-challenge/task-1/sentence-26#char=0,208","Quasimodo was born in Modica, Sicily to Gaetano Quasimodo and Clotilde Ragusa. In 1908 his family moved to Messina, as his father had been sent there to help the population struck by a devastating earthquake.",Gaetano Quasimodo__40__57,Gaetano__40__47,Quasimodo__48__57,,,,,,,,,,Person,
"http://www.ontologydesignpatterns.org/data/oke-challenge/task-1/sentence-26#char=0,208","Quasimodo was born in Modica, Sicily to Gaetano Quasimodo and Clotilde Ragusa. In 1908 his family moved to Messina, as his father had been sent there to help the population struck by a devastating earthquake.",Clotilde Ragusa__62__77,Clotilde__62__70,Ragusa__71__77,,,,,,,,,,Person,
"http://www.ontologydesignpatterns.org/data/oke-challenge/task-1/sentence-28#char=0,199","Thomas Eliot was invited to study at the Institute for Advanced Study by Director Frank Aydelotte. Eliot was born into the Eliot family, a Boston Brahmin family with roots in England and New England.",Institute for Advanced Study__41__69,Institute__41__50,Advanced__55__63,Study__64__69,,,,,,,,,Organization,
"http://www.ontologydesignpatterns.org/data/oke-challenge/task-1/sentence-28#char=0,199","Thomas Eliot was invited to study at the Institute for Advanced Study by Director Frank Aydelotte. Eliot was born into the Eliot family, a Boston Brahmin family with roots in England and New England.",Eliot family__123__135,Eliot__123__128,family__129__135,,,,,,,,,,Organization,
"http://www.ontologydesignpatterns.org/data/oke-challenge/task-1/sentence-28#char=0,199","Thomas Eliot was invited to study at the Institute for Advanced Study by Director Frank Aydelotte. Eliot was born into the Eliot family, a Boston Brahmin family with roots in England and New England.",Boston Brahmin family__139__160,Boston Brahmin__139__153,Boston__139__145,Brahmin__146__153,family__154__160,,,,,,,,Organization,
"http://www.ontologydesignpatterns.org/data/oke-challenge/task-1/sentence-28#char=0,199","Thomas Eliot was invited to study at the Institute for Advanced Study by Director Frank Aydelotte. Eliot was born into the Eliot family, a Boston Brahmin family with roots in England and New England.",New England__187__198,England__191__198,,,,,,,,,,,Place,
"http://www.ontologydesignpatterns.org/data/oke-challenge/task-1/sentence-29#char=0,100","Eliot attended Milton Academy in Massachusetts for a preparatory year, where he met Scofield Thayer.",Milton Academy__15__29,Milton__15__21,,,,,,,,,,,Organization,
"http://www.ontologydesignpatterns.org/data/oke-challenge/task-1/sentence-3#char=0,254","The man served on various committees and spent time at the Royal Aircraft Establishment in Farnborough, where he made a major contribution to the design of the Mark XIV bomb sight which allowed bombs to be released without a level bombing run beforehand.",Royal Aircraft Establishment__59__87,Aircraft__65__73,,,,,,,,,,,Organization,
"http://www.ontologydesignpatterns.org/data/oke-challenge/task-1/sentence-31#char=0,184","Throughout this time this person also worked with Marguerite Vogt. In 1962, Renato Dulbecco moved to the Salk Institute and then in 1972 to The Imperial Cancer Research Fund in London.",The Imperial Cancer Research Fund__140__173,The Imperial__140__152,Imperial Cancer Research Fund__144__173,Cancer Research__153__168,Cancer__153__159,,,,,,,,Organization,
"http://www.ontologydesignpatterns.org/data/oke-challenge/task-1/sentence-32#char=0,207","Dulbecco was born in Catanzaro (Southern Italy), but spent his childhood and grew up in Liguria, in the coastal city Imperia. Dulbecco graduated from high school at 16, then moved to the University of Turin.",Southern Italy__32__46,Italy__41__46,,,,,,,,,,,Place,
"http://www.ontologydesignpatterns.org/data/oke-challenge/task-1/sentence-32#char=0,207","Dulbecco was born in Catanzaro (Southern Italy), but spent his childhood and grew up in Liguria, in the coastal city Imperia. Dulbecco graduated from high school at 16, then moved to the University of Turin.",University of Turin__187__206,University__187__197,Turin__201__206,,,,,,,,,,Organization,
"http://www.ontologydesignpatterns.org/data/oke-challenge/task-1/sentence-34#char=0,189","After World War II broke out, in 1941 Prelog was invited in Germany by Richard Kuhn as lecturer, and shortly afterwards, Lavoslav Ružička, invited Prelog to visit him on his way to Germany.",Lavoslav Ružička__121__137,Ruži__130__134,,,,,,,,,,,Person,
"http://www.ontologydesignpatterns.org/data/oke-challenge/task-1/sentence-35#char=0,267","Nicolaas Bloembergen received his Ph.D. degree from University of Leiden under Cor Gorter in 1948; while pursuing his PhD at Harvard, Nicolaas Bloembergen also worked part-time as a graduate research assistant for Edward Mills Purcell at the MIT Radiation Laboratory.",University of Leiden__52__72,University__52__62,Leiden__66__72,,,,,,,,,,Organization,
"http://www.ontologydesignpatterns.org/data/oke-challenge/task-1/sentence-35#char=0,267","Nicolaas Bloembergen received his Ph.D. degree from University of Leiden under Cor Gorter in 1948; while pursuing his PhD at Harvard, Nicolaas Bloembergen also worked part-time as a graduate research assistant for Edward Mills Purcell at the MIT Radiation Laboratory.",Cor Gorter__79__89,Cor__79__82,Gorter__83__89,,,,,,,,,,Person,
"http://www.ontologydesignpatterns.org/data/oke-challenge/task-1/sentence-35#char=0,267","Nicolaas Bloembergen received his Ph.D. degree from University of Leiden under Cor Gorter in 1948; while pursuing his PhD at Harvard, Nicolaas Bloembergen also worked part-time as a graduate research assistant for Edward Mills Purcell at the MIT Radiation Laboratory.",graduate research assistant__182__209,research assistant__191__209,assistant__200__209,,,,,,,,,,Role,
"http://www.ontologydesignpatterns.org/data/oke-challenge/task-1/sentence-35#char=0,267","Nicolaas Bloembergen received his Ph.D. degree from University of Leiden under Cor Gorter in 1948; while pursuing his PhD at Harvard, Nicolaas Bloembergen also worked part-time as a graduate research assistant for Edward Mills Purcell at the MIT Radiation Laboratory.",MIT Radiation Laboratory__242__266,MIT__242__245,Radiation__246__255,Laboratory__256__266,,,,,,,,,Organization,
"http://www.ontologydesignpatterns.org/data/oke-challenge/task-1/sentence-37#char=0,106","James Tobin married Elizabeth Fay Ringo, a former M.I.T. student of Paul Samuelson, on September 14, 1946.",Elizabeth Fay Ringo__20__39,Elizabeth__20__29,Fay__30__33,Ringo__34__39,,,,,,,,,Person,
"http://www.ontologydesignpatterns.org/data/oke-challenge/task-1/sentence-38#char=0,192","William Golding was born in Newquay, Cornwall where he spent many childhood holidays. He grew up in Marlborough, Wiltshire, where his father was a science master at Marlborough Grammar School.","Marlborough, Wiltshire__100__122",Marlborough__100__111,Wiltshire__113__122,,,,,,,,,,Place,
"http://www.ontologydesignpatterns.org/data/oke-challenge/task-1/sentence-38#char=0,192","William Golding was born in Newquay, Cornwall where he spent many childhood holidays. He grew up in Marlborough, Wiltshire, where his father was a science master at Marlborough Grammar School.",science master__147__161,science__147__154,master__155__161,,,,,,,,,,Role,
"http://www.ontologydesignpatterns.org/data/oke-challenge/task-1/sentence-38#char=0,192","William Golding was born in Newquay, Cornwall where he spent many childhood holidays. He grew up in Marlborough, Wiltshire, where his father was a science master at Marlborough Grammar School.",Marlborough Grammar School__165__191,Marlborough__165__176,Grammar School__177__191,,,,,,,,,,Organization,
"http://www.ontologydesignpatterns.org/data/oke-challenge/task-1/sentence-39#char=0,80",William Golding was appointed Knight Bachelor by the Queen Elizabeth II in 1988.,Knight Bachelor__30__45,Knight__30__36,Bachelor__37__45,,,,,,,,,,Role,
"http://www.ontologydesignpatterns.org/data/oke-challenge/task-1/sentence-39#char=0,80",William Golding was appointed Knight Bachelor by the Queen Elizabeth II in 1988.,Queen Elizabeth II__53__71,Queen__53__58,Elizabeth II__59__71,,,,,,,,,,Role,Person
"http://www.ontologydesignpatterns.org/data/oke-challenge/task-1/sentence-4#char=0,306","Hans Geiger had been appointed director of the new Laboratory for Radioactivity there in 1912. At the PTR, Bothe was an assistant to Geiger from 1913 to 1920, a scientific member of Geiger's staff from 1920 to 1927, and from 1927 to 1930 he succeeded Geiger as director of the Laboratory for Radioactivity.",Laboratory for Radioactivity__51__79,Laboratory__51__61,Radioactivity__66__79,,,,,,,,,,Organization,
"http://www.ontologydesignpatterns.org/data/oke-challenge/task-1/sentence-4#char=0,306","Hans Geiger had been appointed director of the new Laboratory for Radioactivity there in 1912. At the PTR, Bothe was an assistant to Geiger from 1913 to 1920, a scientific member of Geiger's staff from 1920 to 1927, and from 1927 to 1930 he succeeded Geiger as director of the Laboratory for Radioactivity.",scientific member__161__178,scientific__161__171,member__172__178,,,,,,,,,,Role,
"http://www.ontologydesignpatterns.org/data/oke-challenge/task-1/sentence-4#char=0,306","Hans Geiger had been appointed director of the new Laboratory for Radioactivity there in 1912. At the PTR, Bothe was an assistant to Geiger from 1913 to 1920, a scientific member of Geiger's staff from 1920 to 1927, and from 1927 to 1930 he succeeded Geiger as director of the Laboratory for Radioactivity.",Geiger's staff__182__196,Geiger__182__188,staff__191__196,,,,,,,,,,Organization,
"http://www.ontologydesignpatterns.org/data/oke-challenge/task-1/sentence-4#char=0,306","Hans Geiger had been appointed director of the new Laboratory for Radioactivity there in 1912. At the PTR, Bothe was an assistant to Geiger from 1913 to 1920, a scientific member of Geiger's staff from 1920 to 1927, and from 1927 to 1930 he succeeded Geiger as director of the Laboratory for Radioactivity.",Laboratory for Radioactivity__277__305,Laboratory__277__287,Radioactivity__292__305,,,,,,,,,,Organization,
"http://www.ontologydesignpatterns.org/data/oke-challenge/task-1/sentence-40#char=0,331","Carlo Rubbia studied physics at the University of Pisa and Scuola Normale in Pisa. Rubbia graduated on cosmic ray experiments in 1957 with Marcello Conversi. Rubbia then went to the United States, where he spent about one and a half years at Columbia University performing experiments on the decay and the nuclear capture of muons.",University of Pisa__36__54,University__36__46,Pisa__50__54,,,,,,,,,,Organization,
"http://www.ontologydesignpatterns.org/data/oke-challenge/task-1/sentence-40#char=0,331","Carlo Rubbia studied physics at the University of Pisa and Scuola Normale in Pisa. Rubbia graduated on cosmic ray experiments in 1957 with Marcello Conversi. Rubbia then went to the United States, where he spent about one and a half years at Columbia University performing experiments on the decay and the nuclear capture of muons.",Marcello Conversi__139__156,Marcello__139__147,,,,,,,,,,,Person,
"http://www.ontologydesignpatterns.org/data/oke-challenge/task-1/sentence-40#char=0,331","Carlo Rubbia studied physics at the University of Pisa and Scuola Normale in Pisa. Rubbia graduated on cosmic ray experiments in 1957 with Marcello Conversi. Rubbia then went to the United States, where he spent about one and a half years at Columbia University performing experiments on the decay and the nuclear capture of muons.",United States__182__195,United__182__188,,,,,,,,,,,Place,
"http://www.ontologydesignpatterns.org/data/oke-challenge/task-1/sentence-41#char=0,117","On 30 August 2013, Rubbia was appointed to the Senate of Italy as a Senator for Life by President Giorgio Napolitano.",Senate of Italy__47__62,Senate__47__53,Italy__57__62,,,,,,,,,,Organization,
"http://www.ontologydesignpatterns.org/data/oke-challenge/task-1/sentence-41#char=0,117","On 30 August 2013, Rubbia was appointed to the Senate of Italy as a Senator for Life by President Giorgio Napolitano.",Senator for Life__68__84,Senator__68__75,Life__80__84,,,,,,,,,,Role,
"http://www.ontologydesignpatterns.org/data/oke-challenge/task-1/sentence-42#char=0,210","Rita Levi-Montalcini had been the oldest living Nobel laureate and was the first ever to reach a 100th birthday. On 22 April 2009, Rita Levi-Montalcini was feted with a 100th birthday party at Rome's city hall.",Nobel laureate__48__62,Nobel__48__53,laureate__54__62,,,,,,,,,,Role,
"http://www.ontologydesignpatterns.org/data/oke-challenge/task-1/sentence-42#char=0,210","Rita Levi-Montalcini had been the oldest living Nobel laureate and was the first ever to reach a 100th birthday. On 22 April 2009, Rita Levi-Montalcini was feted with a 100th birthday party at Rome's city hall.",Rome's city hall__193__209,Rome__193__197,city hall__200__209,,,,,,,,,,Place,
"http://www.ontologydesignpatterns.org/data/oke-challenge/task-1/sentence-43#char=0,191","Born on 22 April 1909 at Turin Rita Levi-Montalcini were the youngest of four children. Her parents were Adele Montalcini, a painter, and Adamo Levi, an electrical engineer and mathematician.",Turin Rita Levi-Montalcini__25__51,Turin__25__30,Rita Levi-Montalcini__31__51,,,,,,,,,,Place,Person
"http://www.ontologydesignpatterns.org/data/oke-challenge/task-1/sentence-43#char=0,191","Born on 22 April 1909 at Turin Rita Levi-Montalcini were the youngest of four children. Her parents were Adele Montalcini, a painter, and Adamo Levi, an electrical engineer and mathematician.",Adele Montalcini__105__121,Adele__105__110,,,,,,,,,,,Person,
"http://www.ontologydesignpatterns.org/data/oke-challenge/task-1/sentence-43#char=0,191","Born on 22 April 1909 at Turin Rita Levi-Montalcini were the youngest of four children. Her parents were Adele Montalcini, a painter, and Adamo Levi, an electrical engineer and mathematician.",Adamo Levi__138__148,Adamo__138__143,Levi__144__148,,,,,,,,,,Person,
